<?xml version="1.0" encoding="UTF-8"?>
<!DOCTYPE mapper PUBLIC "-//mybatis.org//DTD Mapper 3.0//EN" "http://mybatis.org/dtd/mybatis-3-mapper.dtd">
<mapper namespace="com.shoppingmall.demo.mapper.CartMapper">
	<!-- Cart와 Product를 조인한 결과를 매핑하기 위한 resultMap -->
    <resultMap id="CartMap" type="com.shoppingmall.demo.domain.Cart">
        <id property="cartId" column="cart_id"/>
        <result property="cartAmount" column="cart_amount"/>
        <result property="uId" column="u_id"/>
        <result property="pId" column="p_id"/>
        <!-- Product 정보 매핑 -->
        <association property="product" javaType="com.shoppingmall.demo.domain.Product">
            <id property="pId" column="p_id"/>
            <result property="pName" column="p_name"/>
            <result property="pPrice" column="p_price"/>
            <result property="pStock" column="p_stock"/>
            <result property="pSeller" column="p_seller"/>
        </association>
        <!-- User 정보 매핑 -->
        <association property="user" javaType="com.shoppingmall.demo.domain.Users">
            <id property="uId" column="u_id"/>
            <result property="uName" column="u_name"/>
        </association>
    </resultMap>
	
	<!-- 장바구니 목록 조회 -->
	<select id="selectCartList" resultMap="CartMap" parameterType="String">
		SELECT	c.cart_id,
				c.cart_amount,
				c.u_id,
				p.p_id,
				p.p_name,
				p.p_price,
				p.p_stock,
				p.p_seller
		FROM	cart c
		JOIN	product p ON c.p_id = p.p_id
		JOIN 	users u ON c.u_id = u.u_id
		WHERE	c.u_id = #{uId}
		ORDER BY c.cart_id DESC
	</select>
	
	<!-- 장바구니에 상품 담기 -->
	<insert id="addToCart" parameterType="Cart">
		INSERT INTO cart (u_id, p_id, cart_amount)
		VALUES (#{uId}, #{pId}, 1)
		ON DUPLICATE KEY UPDATE
			cart_amount = cart_amount + 1
	</insert>
	
	<!-- 장바구니에서 상품 수량 업데이트 -->
	<update id="updateCartAmount">
		UPDATE	cart
		SET		cart_amount = #{cartAmount}
		WHERE	cart_id = #{cartId} AND u_id = #{uId}
	</update>
	
	<!-- 중복시 상품별 개별 증가하는 업데이트 -->
	<update id="updateExistAmount">
		UPDATE	cart
		SET		cart_amount = #{cartAmount}
		WHERE	u_id = #{uId} AND p_id = #{pId}
	</update>
	
	<!-- 장바구니에서 상품 개별 삭제 -->
	<delete id="removeFromCart">
		DELETE FROM cart
		WHERE cart_id = #{cartId} AND u_id = #{uId}
	</delete>
	
	<!-- 장바구니 전체 비우기 -->
	<delete id="clearCart">
		DELETE FROM cart
		WHERE u_id = #{uId}
	</delete>
	
	<!-- 장바구니 목록개수 조회 -->
	<select id="cartItemCount" parameterType="String" resultType="int">
		SELECT	COUNT(*)
		FROM	cart
		WHERE	u_id = #{uId}
	</select>
	
	<!-- 장바구니 총 금액 합산 -->
	<select id="cartTotalPrice" parameterType="String" resultType="int">
		SELECT COALESCE(SUM(p.p_price * c.cart_amount), 0) as total_price
		FROM	cart c
		JOIN	product p ON c.p_id = p.p_id
		WHERE	c.u_id = #{uId}
	</select>
	
	<!-- 장바구니에 해당 상품이 있는지 확인 -->
	<select id="checkProductInCart" resultType="Cart">
		SELECT	cart_id, cart_amount, u_id, p_id
		FROM	cart
		WHERE	u_id = #{uId} AND p_id = #{pId}
	</select>
</mapper>