<?xml version="1.0" encoding="UTF-8"?>
<!DOCTYPE mapper PUBLIC "-//mybatis.org//DTD Mapper 3.0//EN" "http://mybatis.org/dtd/mybatis-3-mapper.dtd">
<mapper namespace="com.shoppingmall.demo.mapper.OrderDetailMapper">
    <resultMap id="OrderDetailMap" type="OrderDetail">
        <id property="odId" column="od_id"/>
        <result property="oId" column="o_id"/>
        <result property="pId" column="p_id"/>
        <result property="odCount" column="od_count"/>
        <result property="odPrice" column="od_price"/>
        
        <association property="orders" javaType="Orders">
            <id property="oId" column="o_id"/>
            <result property="oInfo" column="o_info"/>
            <result property="oDatetime" column="o_datetime"/>
        </association>
        
        <association property="product" javaType="Product">
            <id property="pId" column="p_id"/>
            <result property="pName" column="p_name"/>
            <result property="pPrice" column="p_price"/>
        </association>
    </resultMap>

    <select id="getOrderDetail" parameterType="int" resultMap="OrderDetailMap">
        SELECT od.*, o.*, p.*
        FROM order_detail od
        JOIN orders o ON od.o_id = o.o_id
        JOIN product p ON od.p_id = p.p_id
        WHERE od.o_id = #{oId}
        LIMIT 1
    </select>
    
    <select id="getOrderDetailList" parameterType="int" resultMap="OrderDetailMap">
        SELECT od.*, o.*, p.*
        FROM order_detail od
        JOIN orders o ON od.o_id = o.o_id
        JOIN product p ON od.p_id = p.p_id
        WHERE od.o_id = #{oId}
    </select>
</mapper>
