<?xml version="1.0" encoding="UTF-8"?>
<!DOCTYPE mapper PUBLIC "-//mybatis.org//DTD Mapper 3.0//EN" "http://mybatis.org/dtd/mybatis-3-mapper.dtd">
<mapper namespace="com.shoppingmall.demo.mapper.PaymentMapper">
    
    <resultMap id="PaymentMap" type="Payment">
        <id property="paymentId" column="payment_id"/>
        <result property="oId" column="o_id"/>
        <result property="uId" column="u_id"/>
        <result property="amount" column="amount"/>
        <result property="paymentType" column="payment_type"/>
        <result property="status" column="status"/>
        <result property="paymentTime" column="payment_time"/>
        <result property="createdAt" column="created_at"/>
        <association property="order" javaType="Orders">
            <id property="oId" column="o_id"/>
            <result property="oInfo" column="o_info"/>
            <result property="oDatetime" column="o_datetime"/>
        </association>
        <association property="user" javaType="Users">
            <id property="uId" column="u_id"/>
            <result property="uName" column="u_name"/>
            <result property="uPhone" column="u_phone"/>
        </association>
    </resultMap>

    <insert id="insertPayment" parameterType="Payment">
        INSERT INTO payment (
            payment_id, o_id, u_id, amount, 
            payment_type, status, payment_time
        ) VALUES (
            #{paymentId}, #{oId}, #{uId}, #{amount}, 
            #{paymentType}, #{status}, #{paymentTime}
        )
    </insert>

    <select id="selectPaymentById" resultMap="PaymentMap">
        SELECT p.*, o.o_info, o.o_datetime, u.u_name, u.u_phone
        FROM payment p
        LEFT JOIN orders o ON p.o_id = o.o_id
        LEFT JOIN users u ON p.u_id = u.u_id
        WHERE p.payment_id = #{paymentId}
    </select>

    <select id="selectPaymentByOrderId" resultMap="PaymentMap">
        SELECT p.*, o.o_info, o.o_datetime, u.u_name, u.u_phone
        FROM payment p
        LEFT JOIN orders o ON p.o_id = o.o_id
        LEFT JOIN users u ON p.u_id = u.u_id
        WHERE p.o_id = #{oId}
    </select>

    <update id="updatePaymentStatus">
        UPDATE payment 
        SET status = #{status}
        WHERE payment_id = #{paymentId}
    </update>
</mapper> 